[
  {
    "query": "Professional certificate template design for course completion with elegant layout",
    "image_info": {
      "url": "https://marketplace.canva.com/EAFlVDzb7sA/3/0/800w/canva-white-gold-elegant-modern-certificate-of-participation-lXcbvvo9jYI.jpg",
      "file_path": "/workspace/imgs/elegant-professional-digital-certificate-template.jpg",
      "img_format": "JPEG",
      "mode": "RGB",
      "file_size": 56033,
      "width": 800,
      "height": 566,
      "total_pixels": 452800,
      "basic_score": 0.8369060114008463
    },
    "llm_score": {
      "success": true,
      "relevance_score": 100.0,
      "clarity_score": 100.0,
      "watermark_score": 100.0,
      "overall_score": 95.0,
      "explanation": "The image is a highly relevant and professional digital certificate template, perfectly matching the search query and prompt. It features an elegant design with clear, crisp text and sophisticated gold and black accents. There are no watermarks, and the overall composition is excellent for official recognition.",
      "file_name": "elegant-professional-digital-certificate-template.jpg",
      "caption": "A professional and elegant digital certificate template for course completion, featuring a cream background with sophisticated gold and black wavy accents along the edges and a refined gold border. The template prominently displays a gold seal with a star, a bold 'CERTIFICATE OF PARTICIPATION' title, and dedicated sections for the recipient's name 'Adeline Palmerston', details about the 'Digital Marketing Workshop' held by 'Wardiere Company' on '6 June 2025', and a signature line for 'Marceline Anderson, CEO of Wardiere'. This design is ideal for formal recognition of achievements and event participation.",
      "recommend": true,
      "error": ""
    }
  },
  {
    "query": "Professional certificate template design for course completion with elegant layout",
    "image_info": {
      "url": "https://static.vecteezy.com/system/resources/previews/002/349/754/non_2x/modern-elegant-certificate-template-free-vector.jpg",
      "file_path": "/workspace/imgs/professional_digital_certificate_template_blue_yellow.jpg",
      "img_format": "JPEG",
      "mode": "RGB",
      "file_size": 80047,
      "width": 1531,
      "height": 980,
      "total_pixels": 1500380,
      "basic_score": 0.8744807133377078
    },
    "llm_score": {
      "success": true,
      "relevance_score": 98.0,
      "clarity_score": 95.0,
      "watermark_score": 100.0,
      "overall_score": 95.0,
      "explanation": "The image is a highly relevant and professional digital certificate template. It features a clean, elegant layout with modern blue and yellow abstract design elements, perfectly matching the prompt's request for a professional certificate design for achievement or course completion. The clarity is excellent, and there are no watermarks.",
      "file_name": "professional_digital_certificate_template_blue_yellow.jpg",
      "caption": "A professionally designed digital certificate template for achievement, featuring a clean white background with elegant blue and yellow abstract geometric shapes along the borders. The template includes placeholders for 'CERTIFICATE OF ACHIEVEMENT', 'Name Surname', descriptive text, signature lines, and a 'TOP BRAND AWARD' badge, ideal for course completion or recognizing accomplishments.",
      "recommend": true,
      "error": ""
    }
  },
  {
    "query": "Professional certificate template design for course completion with elegant layout",
    "image_info": {
      "url": "https://d1csarkz8obe9u.cloudfront.net/posterpreviews/professional-certificate-design-template-3d846a319a6fcd86b120d720e58aae92_screen.jpg?ts=1698314421",
      "file_path": "/workspace/imgs/professional_course_completion_certificate_template_blue_gold.jpg",
      "img_format": "JPEG",
      "mode": "RGB",
      "file_size": 86394,
      "width": 693,
      "height": 488,
      "total_pixels": 338184,
      "basic_score": 0.8044894966054783
    },
    "llm_score": {
      "success": true,
      "relevance_score": 98.0,
      "clarity_score": 95.0,
      "watermark_score": 100.0,
      "overall_score": 95.0,
      "explanation": "The image is an excellent match for a professional certificate template designed for course completion, featuring an elegant blue and gold layout. It is clear, high-resolution, and free of watermarks, making it ideal for the specified use case.",
      "file_name": "professional_course_completion_certificate_template_blue_gold.jpg",
      "caption": "A professionally designed digital certificate template featuring a 'CERTIFICATE OF ACHIEVEMENT' title. The template showcases an elegant layout with flowing blue and light gray wave-like elements against a white background. It includes a golden seal with a laurel wreath on the top left, a golden medal with a number '1' and red ribbon at the bottom center, and placeholder text for the recipient's name ('Merc Pill'), a descriptive paragraph (Lorem Ipsum), date, and signature lines. This design is suitable for course completion or other academic and professional achievements.",
      "recommend": true,
      "error": ""
    }
  },
  {
    "query": "Professional certificate template design for course completion with elegant layout",
    "image_info": {
      "url": "https://graphicsfamily.com/wp-content/uploads/edd/2022/01/Editable-Elegant-Certificate-Template-870x698.jpg",
      "file_path": "/workspace/imgs/professional_digital_certificate_template_elegant_design.jpg",
      "img_format": "JPEG",
      "mode": "RGB",
      "file_size": 69451,
      "width": 870,
      "height": 698,
      "total_pixels": 607260,
      "basic_score": 0.8786458758215835
    },
    "llm_score": {
      "success": true,
      "relevance_score": 95.0,
      "clarity_score": 100.0,
      "watermark_score": 100.0,
      "overall_score": 98.0,
      "explanation": "The image is a highly relevant and professional digital certificate template. Its elegant design, dark color scheme with golden accents and luminous blue lines, and excellent clarity make it suitable for various purposes, including course completion. There are no watermarks.",
      "file_name": "professional_digital_certificate_template_elegant_design.jpg",
      "caption": "A modern and elegant digital certificate template featuring a dark blue and black gradient background with luminous blue geometric lines. The design includes golden text for 'CERTIFICATE OF APPRECIATION' and a placeholder for 'Name Surname', along with an 'AWARD' seal and fields for date and signature. This professional layout is ideal for course completion or appreciation.",
      "recommend": true,
      "error": ""
    }
  },
  {
    "query": "Professional certificate template design for course completion with elegant layout",
    "image_info": {
      "url": "https://marketplace.canva.com/EAGFkfKZ70I/2/0/1600w/canva-cream-aesthetic-business-course-completion-certificate-JIl5a40Owc0.jpg",
      "file_path": "/workspace/imgs/elegant-professional-course-completion-certificate-template.jpg",
      "img_format": "JPEG",
      "mode": "RGB",
      "file_size": 248460,
      "width": 1600,
      "height": 1131,
      "total_pixels": 1809600,
      "basic_score": 0.8049142096745053
    },
    "llm_score": {
      "success": true,
      "relevance_score": 100.0,
      "clarity_score": 100.0,
      "watermark_score": 100.0,
      "overall_score": 98.0,
      "explanation": "The image is perfectly relevant to both the search query and prompt, showcasing a professional and elegantly designed digital certificate template for course completion. It boasts excellent clarity with crisp text and graphics, and is completely free of watermarks, indicating high quality and usability.",
      "file_name": "elegant-professional-course-completion-certificate-template.jpg",
      "caption": "A beautifully designed digital certificate of completion template, featuring a prominent calligraphic 'Certificate' title and a 'REAL ESTATE COURSE' seal. The template includes spaces for the recipient's name (Juliana Silva), course details, and signatures (Olivia Wilson and Isabel Mercado), set against a sophisticated light background with subtle, flowing wavy patterns. It embodies a professional and elegant aesthetic suitable for formal course acknowledgements.",
      "recommend": true,
      "error": ""
    }
  },
  {
    "query": "Professional building or institution representing christian educational ministry",
    "image_info": {
      "url": "https://assets.lifeway.com/image/upload/d_noimage.jpg/c_limit,w_1920/f_auto/q_auto/v1/9781462745609?_a=BAVAZGDW0",
      "file_path": "/workspace/imgs/professional_christian_education_ministry_book.jpg",
      "img_format": "AVIF",
      "mode": "RGB",
      "file_size": 70375,
      "width": 1800,
      "height": 2700,
      "total_pixels": 4860000,
      "basic_score": 0.4702685410196424
    },
    "llm_score": {
      "success": true,
      "relevance_score": 75.0,
      "clarity_score": 95.0,
      "watermark_score": 100.0,
      "overall_score": 85.0,
      "explanation": "The image clearly depicts a professional book cover titled 'The Educational Ministry of a Church,' highly relevant to 'christian education ministry.' The overall quality, clarity, and professional presentation are excellent. However, the prompt specifically requested a 'building or institution,' which this image does not literally show, though the book represents the work of such an entity.",
      "file_name": "professional_christian_education_ministry_book.jpg",
      "caption": "A professionally designed book cover titled 'The Educational Ministry of a Church,' edited by J. Jonathan Kim and Charles A. Tidwell, marketed as 'A Comprehensive Model for Students & Ministers,' 2nd Edition. The book cover is set against a neutral background with stacks of other books visible below, suggesting an academic or library setting focused on religious education.",
      "recommend": true,
      "error": ""
    }
  },
  {
    "query": "Professional logo design for christian educational ministry with cross and book elements for MEPROC platform",
    "image_info": {
      "url": "https://static.vecteezy.com/system/resources/previews/024/544/482/non_2x/education-logo-design-with-christian-cross-holy-book-combination-logo-icon-vector.jpg",
      "file_path": "/workspace/imgs/christian_education_ministry_logo_cross_book.jpg",
      "img_format": "JPEG",
      "mode": "RGB",
      "file_size": 30375,
      "width": 1225,
      "height": 980,
      "total_pixels": 1200500,
      "basic_score": 0.9158071410407984
    },
    "llm_score": {
      "success": true,
      "relevance_score": 100.0,
      "clarity_score": 100.0,
      "watermark_score": 100.0,
      "overall_score": 100.0,
      "explanation": "The image is perfectly relevant to the search query and prompt, clearly depicting a professional logo for a Christian educational ministry with distinct cross and book elements. Its clarity is excellent, with no watermarks, and the overall design quality is highly professional and well-composed.",
      "file_name": "christian_education_ministry_logo_cross_book.jpg",
      "caption": "A professional and modern logo design featuring a prominent black Christian cross at its center, emerging from an open book with black pages and a blue base. Flanking the cross and book are two stylized figures in blue with black outlines, appearing to raise their arms in celebration or worship, symbolizing people or community. The overall design is clean, minimalist, and uses a striking color palette of blue, black, and white, making it ideal for a Christian educational ministry or platform.",
      "recommend": true,
      "error": ""
    }
  },
  {
    "query": "Professional logo design for christian educational ministry with cross and book elements for MEPROC platform",
    "image_info": {
      "url": "https://www.shutterstock.com/image-vector/book-church-logo-design-icon-600nw-2294476443.jpg",
      "file_path": "/workspace/imgs/christian_ministry_education_logo_cross_book_red_orange.jpg",
      "img_format": "WEBP",
      "mode": "RGB",
      "file_size": 19468,
      "width": 599,
      "height": 600,
      "total_pixels": 359400,
      "basic_score": 0.81517597846435
    },
    "llm_score": {
      "success": true,
      "relevance_score": 95.0,
      "clarity_score": 98.0,
      "watermark_score": 100.0,
      "overall_score": 95.0,
      "explanation": "The image is highly relevant as a professional logo design that clearly incorporates Christian symbolism (cross) and educational/scriptural elements (open book). The design is clean, clear, and appears to be a vector graphic, ensuring high clarity and scalability. There are no watermarks. Its composition and aesthetic quality make it very suitable for a professional ministry or educational platform logo.",
      "file_name": "christian_ministry_education_logo_cross_book_red_orange.jpg",
      "caption": "A modern Christian logo design featuring a white stylized cross rising from an open white book, set against a circular background with a polygonal mosaic pattern that transitions from deep red on the left to vibrant orange on the right. The design evokes themes of faith, education, and scripture.",
      "recommend": true,
      "error": ""
    }
  },
  {
    "query": "Professional logo design for christian educational ministry with cross and book elements for MEPROC platform",
    "image_info": {
      "url": "https://www.shutterstock.com/image-vector/bible-christian-cross-icon-black-600nw-2391850021.jpg",
      "file_path": "/workspace/imgs/christian_education_ministry_logo_cross_book.jpg_fb",
      "img_format": "WEBP",
      "mode": "RGB",
      "file_size": 8280,
      "width": 600,
      "height": 600,
      "total_pixels": 360000,
      "basic_score": 0.8138584436121716
    },
    "llm_score": {
      "success": true,
      "relevance_score": 100.0,
      "clarity_score": 100.0,
      "watermark_score": 100.0,
      "overall_score": 98.0,
      "explanation": "The image perfectly matches all aspects of the search query and prompt, featuring a professional logo design with distinct cross and book elements suitable for a Christian educational ministry. The clarity is excellent, with no watermarks, making it an ideal graphic.",
      "file_name": "christian_education_ministry_logo_cross_book.jpg",
      "caption": "A clean and professional black and white vector logo depicting an open book with a prominent Christian cross rising from its center. This minimalist design symbolizes Christian education, faith, and ministry, ideal for a religious or educational organization's branding.",
      "recommend": true,
      "error": ""
    }
  },
  {
    "query": "Visual representation of educational modules and learning progression for course structure",
    "image_info": {
      "url": "https://learn.microsoft.com/en-us/training/support/media/learn-content-structure.png",
      "file_path": "/workspace/imgs/learning_path_course_structure_modules_units_diagram.jpg",
      "img_format": "PNG",
      "mode": "RGB",
      "file_size": 66152,
      "width": 578,
      "height": 443,
      "total_pixels": 256054,
      "basic_score": 0.7647245023679566
    },
    "llm_score": {
      "success": true,
      "relevance_score": 100.0,
      "clarity_score": 95.0,
      "watermark_score": 100.0,
      "overall_score": 98.0,
      "explanation": "The image is perfectly relevant to the search query and prompt, serving as an ideal visual representation of an educational learning path, course structure, and modules. The clarity is excellent, with crisp text and graphics, and there are no watermarks. The overall composition is professional and highly effective in conveying the intended information.",
      "file_name": "learning_path_course_structure_modules_units_diagram.jpg",
      "caption": "A clear and professionally designed diagram illustrating an educational learning path. The central 'Learning Path' branches into multiple 'Modules' (Module 1, Module 2, Module ...), each of which is further broken down into sequential 'Units' (Unit 1, Unit 2, Unit 3, Unit ...). This visual effectively represents a hierarchical course structure and learning progression.",
      "recommend": true,
      "error": ""
    }
  },
  {
    "query": "Visual representation of educational modules and learning progression for course structure",
    "image_info": {
      "url": "https://www.talentlms.com/wp-content/uploads/2024/10/understanding-learning-objectives-842x1024-1.webp",
      "file_path": "/workspace/imgs/educational-course-structure-flowchart-learning-path-modules.jpg",
      "img_format": "WEBP",
      "mode": "RGBA",
      "file_size": 94110,
      "width": 842,
      "height": 1024,
      "total_pixels": 862208,
      "basic_score": 0.9168649998636629
    },
    "llm_score": {
      "success": true,
      "relevance_score": 95.0,
      "clarity_score": 90.0,
      "watermark_score": 100.0,
      "overall_score": 92.0,
      "explanation": "The image is a highly relevant and clear visual representation of an educational course structure, distinctly showing modules, lessons, and topics, thereby illustrating a clear learning progression. The diagram is well-organized and easy to understand, and there are no watermarks.",
      "file_name": "educational-course-structure-flowchart-learning-path-modules.jpg",
      "caption": "A detailed flowchart titled 'Sample Course Flow Chart of Objectives' visually representing an educational course structure. The chart outlines a 'Course Goal' leading into 'Module 1' (orange) and 'Module 2' (blue), each containing multiple 'Lessons' with 'Terminal Learning Objectives' and further broken down into specific 'Topics' with 'Enabling Learning Objectives'. Arrows indicate the learning progression from modules to lessons and topics, providing a clear visual representation of a structured learning path.",
      "recommend": true,
      "error": ""
    }
  },
  {
    "query": "Visual representation of educational modules and learning progression for course structure",
    "image_info": {
      "url": "https://www.proprofstraining.com/blog/wp-content/uploads/2023/07/Types_of_Learning_Paths.webp",
      "file_path": "/workspace/imgs/types_of_learning_paths_infographic.jpg",
      "img_format": "WEBP",
      "mode": "RGB",
      "file_size": 40014,
      "width": 810,
      "height": 440,
      "total_pixels": 356400,
      "basic_score": 0.8142449863227442
    },
    "llm_score": {
      "success": true,
      "relevance_score": 100.0,
      "clarity_score": 100.0,
      "watermark_score": 100.0,
      "overall_score": 95.0,
      "explanation": "The image is perfectly relevant to the search query and prompt, directly illustrating different types of learning paths and course structures. It exhibits excellent clarity with sharp text and clear icons, and is free of watermarks. The overall composition is professional, clean, and highly effective in conveying the information.",
      "file_name": "types_of_learning_paths_infographic.jpg",
      "caption": "An infographic titled 'Types Of Learning Paths' presenting three distinct models for educational course structures and learner progression. It features a vertical flow with distinct sections for 'Successive', 'Alternative', and 'Level' learning paths. Each type is accompanied by a relevant icon and a concise description: Successive requires mandatory completion of all courses to unlock the next; Alternative contains a mix of optional and mandatory courses; and Level enables choice-based learning where learners can choose their sequence. The design is clean with a light grey background and uses orange, blue, and red accents for each path, making it an ideal visual aid for understanding learning progression models.",
      "recommend": true,
      "error": ""
    }
  },
  {
    "query": "Visual representation of educational modules and learning progression for course structure",
    "image_info": {
      "url": "https://strategium.cc/wp-content/uploads/2023/05/individual-learning-path.png",
      "file_path": "/workspace/imgs/individual_corporate_learning_paths_educational_modules_diagram.jpg",
      "img_format": "PNG",
      "mode": "P",
      "file_size": 54097,
      "width": 1344,
      "height": 756,
      "total_pixels": 1016064,
      "basic_score": 0.918779416318019
    },
    "llm_score": {
      "success": true,
      "relevance_score": 95.0,
      "clarity_score": 45.0,
      "watermark_score": 70.0,
      "overall_score": 70.0,
      "explanation": "The image is highly relevant, explicitly illustrating individual and corporate learning paths with a detailed example of educational modules and their progression. However, the low resolution significantly impacts text clarity, making it difficult to read, and a company logo is present as a watermark.",
      "file_name": "individual_corporate_learning_paths_educational_modules_diagram.jpg",
      "caption": "An infographic titled 'Understanding Individual Learning Paths' that defines learning paths and provides a detailed example flowchart. The diagram illustrates how corporate and personal learning paths can converge or diverge through various strategic management and personal development modules, showcasing a progression of courses, workshops, and strategy sessions such as 'Strategic Management System Implementation Workshop,' 'Personal Strategic Planning Program,' and 'Building Business Models.'",
      "recommend": true,
      "error": ""
    }
  },
  {
    "query": "Close-up professional image of mobile phone screen being repaired for course content",
    "image_info": {
      "url": "http://www.diyfixtool.com/cdn/shop/articles/smartphone_repair_area.png?v=1722847171",
      "file_path": "/workspace/imgs/mobile_phone_screen_repair_display_fix_workshop.jpg",
      "img_format": "WEBP",
      "mode": "RGB",
      "file_size": 57144,
      "width": 900,
      "height": 500,
      "total_pixels": 450000,
      "basic_score": 0.8468834445708624
    },
    "llm_score": {
      "success": true,
      "relevance_score": 98.0,
      "clarity_score": 95.0,
      "watermark_score": 100.0,
      "overall_score": 95.0,
      "explanation": "The image is highly relevant, showing a mobile phone screen being repaired with various tools and components. Its clarity is excellent, with sharp details, and it lacks any watermarks. The professional setup and clear depiction of the repair process make it ideal for course content, perfectly aligning with the prompt.",
      "file_name": "mobile_phone_screen_repair_display_fix_workshop.jpg",
      "caption": "A top-down view of a person wearing blue gloves working on mobile phone screen repair. On a white mat, there are multiple iPhones: one with a severely cracked screen, one fully disassembled revealing internal components and battery, and another having a new screen installed, still with a red protective film. Various repair tools, including screwdrivers, prying tools, and a parts organizer, are neatly arranged around the workspace.",
      "recommend": true,
      "error": ""
    }
  },
  {
    "query": "Close-up professional image of mobile phone screen being repaired for course content",
    "image_info": {
      "url": "https://m.media-amazon.com/images/I/51yWmawJBGL._UF1000,1000_QL80_.jpg",
      "file_path": "/workspace/imgs/Smartphone-Screen-Repair-Clamps-Fixture.jpg",
      "img_format": "JPEG",
      "mode": "RGB",
      "file_size": 37861,
      "width": 1000,
      "height": 1000,
      "total_pixels": 1000000,
      "basic_score": 0.9207163402952233
    },
    "llm_score": {
      "success": true,
      "relevance_score": 90.0,
      "clarity_score": 95.0,
      "watermark_score": 100.0,
      "overall_score": 90.0,
      "explanation": "The image is highly relevant as it clearly displays a mobile phone secured in specialized clamps, commonly used for screen repair or replacement. Its professional studio lighting, sharp focus, and clean white background contribute to excellent clarity and overall quality, making it suitable for course content. There are no watermarks.",
      "file_name": "Smartphone-Screen-Repair-Clamps-Fixture.jpg",
      "caption": "A close-up, professionally lit image of a gold-colored smartphone (likely an iPhone) held securely in a four-point metal clamping fixture. The screen is black, indicating it is either powered off or removed. This tool is essential for holding the device steady during mobile phone screen repair or display replacement processes.",
      "recommend": true,
      "error": ""
    }
  },
  {
    "query": "Professional image showing students learning mobile phone repair skills in educational setting",
    "image_info": {
      "url": "https://microlek.com/wp-content/uploads/2023/03/East-London-Cellphone-Repair-Centre.png",
      "file_path": "/workspace/imgs/mobile-phone-repair-training-workshop.jpg",
      "img_format": "PNG",
      "mode": "RGBA",
      "file_size": 1294620,
      "width": 1000,
      "height": 732,
      "total_pixels": 732000,
      "basic_score": 0.9232682732540206
    },
    "llm_score": {
      "success": true,
      "relevance_score": 90.0,
      "clarity_score": 95.0,
      "watermark_score": 100.0,
      "overall_score": 90.0,
      "explanation": "The image is highly relevant to the search query and prompt, clearly depicting a well-organized and professional electronics repair workshop perfectly set up for training. Although no students are explicitly visible, the environment strongly conveys an educational setting for learning repair skills. The image is very clear, well-lit, and professionally composed, making it suitable for the intended use.",
      "file_name": "mobile-phone-repair-training-workshop.jpg",
      "caption": "A bright and organized electronics repair workshop, featuring multiple individual workstations equipped with magnifying lamps, soldering stations, multimeters, various hand tools, and circuit boards. The setup clearly indicates a dedicated training or learning environment for students to acquire mobile phone and electronics repair skills.",
      "recommend": true,
      "error": ""
    }
  },
  {
    "query": "Professional image showing students learning mobile phone repair skills in educational setting",
    "image_info": {
      "url": "https://successitpune.com/mobile1.png",
      "file_path": "/workspace/imgs/students_mobile_phone_repair_course_workshop.jpg",
      "img_format": "PNG",
      "mode": "RGB",
      "file_size": 928849,
      "width": 1080,
      "height": 1080,
      "total_pixels": 1166400,
      "basic_score": 0.9451673582269478
    },
    "llm_score": {
      "success": true,
      "relevance_score": 98.0,
      "clarity_score": 75.0,
      "watermark_score": 100.0,
      "overall_score": 88.0,
      "explanation": "The image is highly relevant, directly showing students learning mobile phone repair skills in an educational workshop, as indicated by the banner and activities. Clarity is good, allowing details to be seen, though it's not ultra-high resolution. There are no watermarks. Overall quality is professional and effectively captures the scene.",
      "file_name": "students_mobile_phone_repair_course_workshop.jpg",
      "caption": "A group of young adults, including male and female students, actively engaged in a mobile phone repair course workshop. They are seated at blue mats, using soldering irons and other tools to work on circuit boards and electronic components. A large blue banner in the background advertises 'SUCCESS IN (Mobile Repairing)' and displays various 'SPAIR PARTS,' indicating a dedicated learning environment. The students are focused, demonstrating hands-on skill development in an educational setting.",
      "recommend": true,
      "error": ""
    }
  },
  {
    "query": "Professional image showing students learning mobile phone repair skills in educational setting",
    "image_info": {
      "url": "https://cellbotics.com/wp-content/uploads/2019/08/62085987_2351793821758249_4301643912855945216_n.jpg",
      "file_path": "/workspace/imgs/mobile_phone_repair_skills_learning_educational_workshop.jpg",
      "img_format": "JPEG",
      "mode": "RGB",
      "file_size": 80717,
      "width": 720,
      "height": 960,
      "total_pixels": 691200,
      "basic_score": 0.8870198436267956
    },
    "llm_score": {
      "success": true,
      "relevance_score": 95.0,
      "clarity_score": 85.0,
      "watermark_score": 100.0,
      "overall_score": 85.0,
      "explanation": "The image is highly relevant, clearly depicting an adult teaching a student mobile phone repair in a workshop setting, aligning well with the 'learning' and 'educational setting' aspects of the prompt. Clarity is good, and there are no watermarks. The composition is authentic and effective, even if not a highly polished studio shot.",
      "file_name": "mobile_phone_repair_skills_learning_educational_workshop.jpg",
      "caption": "An adult instructor, wearing glasses and a blue shirt, guides a young male student through the intricate process of mobile phone repair on a workbench. The student, wearing a 'Rick and Morty' t-shirt, intently observes and participates in the hands-on learning experience. Various repair tools, a blue anti-static mat, circuit boards, and a hand-drawn schematic of a phone are visible on the cluttered but organized workspace, highlighting practical skills development in a real-world educational environment.",
      "recommend": true,
      "error": ""
    }
  },
  {
    "query": "Professional image showing students learning mobile phone repair skills in educational setting",
    "image_info": {
      "url": "https://cellbotics.com/wp-content/uploads/2020/08/Webp.net-resizeimage-1.jpg",
      "file_path": "/workspace/imgs/mobile_phone_repair_course_student_workshop.jpg",
      "img_format": "JPEG",
      "mode": "RGB",
      "file_size": 246283,
      "width": 500,
      "height": 667,
      "total_pixels": 333500,
      "basic_score": 0.8231834501583818
    },
    "llm_score": {
      "success": true,
      "relevance_score": 90.0,
      "clarity_score": 70.0,
      "watermark_score": 100.0,
      "overall_score": 78.0,
      "explanation": "The image is highly relevant, showing two individuals engaged in what appears to be mobile phone repair in a workshop, consistent with a learning or training environment. Clarity is good but not perfectly sharp. There are no watermarks. The overall quality is professional enough for its intended use, capturing an authentic scene.",
      "file_name": "mobile_phone_repair_course_student_workshop.jpg",
      "caption": "Two individuals, a man wearing a face mask and glasses and a woman with a headset, intently focus on a detailed task involving small electronic components, likely related to mobile phone repair, at a workbench. A disassembled phone case and various tools are spread across the brown table, while more tools and equipment are organized on the white wall behind them, including a whiteboard with 'Corey' written on it. The scene effectively portrays a hands-on learning or educational workshop setting for mobile device repair skills.",
      "recommend": true,
      "error": ""
    }
  },
  {
    "query": "Professional image showing students learning mobile phone repair skills in educational setting",
    "image_info": {
      "url": "https://i0.wp.com/cursaen.wpcomstaging.com/wp-content/uploads/2024/05/DALL%C2%B7E-2024-05-21-16.49.53-A-mobile-phone-repair-technician-working-at-a-well-organized-workstation.-The-technician-is-using-precision-tools-to-fix-a-smartphone-with-various-to.webp?fit=1024%2C1024&ssl=1",
      "file_path": "/workspace/imgs/mobile-phone-repair-student-workshop-learning.jpg",
      "img_format": "WEBP",
      "mode": "RGB",
      "file_size": 264044,
      "width": 1024,
      "height": 1024,
      "total_pixels": 1048576,
      "basic_score": 0.9512320796487213
    },
    "llm_score": {
      "success": true,
      "relevance_score": 90.0,
      "clarity_score": 95.0,
      "watermark_score": 100.0,
      "overall_score": 90.0,
      "explanation": "The image is highly relevant to mobile phone repair and workshop learning, featuring a professional setup and excellent clarity. Although the prompt specified 'students' (plural), the image effectively conveys the essence of learning in an educational setting with a single, focused individual. The overall quality and composition are very high.",
      "file_name": "mobile-phone-repair-student-workshop-learning.jpg",
      "caption": "A focused young man, wearing blue overalls and a grey t-shirt, meticulously works on a smartphone with a soldering tool at a well-lit workbench. The table is neatly arranged with a wide array of mobile phone repair tools and electronic components, including circuit boards, multimeters, and various screwdrivers. The background shows organized shelves stocked with equipment and storage boxes, indicating a professional workshop or educational lab setting where he is learning electronics and smartphone repair skills.",
      "recommend": true,
      "error": ""
    }
  },
  {
    "query": "Clean professional image of mobile repair tools and hands working on smartphone for course modules",
    "image_info": {
      "url": "https://blog.repairdesk.co/wp-content/uploads/2021/08/Face.jpg",
      "file_path": "/workspace/imgs/professional_smartphone_repair_technician_hands_tools.jpg",
      "img_format": "JPEG",
      "mode": "RGB",
      "file_size": 353093,
      "width": 1200,
      "height": 630,
      "total_pixels": 756000,
      "basic_score": 0.9293175133770015
    },
    "llm_score": {
      "success": true,
      "relevance_score": 98.0,
      "clarity_score": 95.0,
      "watermark_score": 100.0,
      "overall_score": 95.0,
      "explanation": "The image perfectly matches the search query and prompt. It clearly shows professional technician hands using smartphone repair tools to work on a mobile device. The image is clean, sharp, well-composed, and suitable for educational materials like course modules.",
      "file_name": "professional_smartphone_repair_technician_hands_tools.jpg",
      "caption": "A close-up, high-resolution image of a professional technician's hands using specialized tools, including a multimeter probe and a fine-tipped tool, to repair the internal components of a disassembled smartphone. The focus is sharp on the intricate work and the tools, with a clean, blurred background, highlighting the precision and expertise involved in mobile device repair.",
      "recommend": true,
      "error": ""
    }
  },
  {
    "query": "Clean professional image of mobile repair tools and hands working on smartphone for course modules",
    "image_info": {
      "url": "https://www.cellsmartpos.com/hubfs/Blog%20Featured%20Images/CellSmart%20POS%20Blog/phone-repair-tools.webp",
      "file_path": "/workspace/imgs/professional-mobile-phone-repair-technician-workbench.jpg",
      "img_format": "WEBP",
      "mode": "RGB",
      "file_size": 95400,
      "width": 1200,
      "height": 628,
      "total_pixels": 753600,
      "basic_score": 0.9153326972636548
    },
    "llm_score": {
      "success": true,
      "relevance_score": 100.0,
      "clarity_score": 95.0,
      "watermark_score": 100.0,
      "overall_score": 95.0,
      "explanation": "The image perfectly matches the search query and prompt. It clearly depicts a professional technician, wearing safety glasses and gloves, working on a smartphone with a magnifying glass. The workbench is clean, well-organized with various mobile repair tools, making it ideal for course modules. The image clarity is excellent, and there are no watermarks.",
      "file_name": "professional-mobile-phone-repair-technician-workbench.jpg",
      "caption": "A professional technician wearing safety glasses and gloves meticulously inspects the internal components of a disassembled smartphone using a magnifying glass. The clean, well-organized workbench features an array of specialized mobile repair tools, including a multimeter, soldering equipment, various sprays, and other small electronic repair accessories, all set against a white pegboard. A tablet lies on the left side of the desk, indicating a modern repair station.",
      "recommend": true,
      "error": ""
    }
  },
  {
    "query": "Clean professional image of mobile repair tools and hands working on smartphone for course modules",
    "image_info": {
      "url": "https://www.phonerepairteam.com/site/assets/files/1078/20170107_023605_resize.jpg",
      "file_path": "/workspace/imgs/professional-smartphone-repair-tools-disassembly.jpg",
      "img_format": "JPEG",
      "mode": "RGB",
      "file_size": 258180,
      "width": 929,
      "height": 640,
      "total_pixels": 594560,
      "basic_score": 0.896603854004198
    },
    "llm_score": {
      "success": true,
      "relevance_score": 75.0,
      "clarity_score": 95.0,
      "watermark_score": 100.0,
      "overall_score": 85.0,
      "explanation": "The image features a comprehensive and professional set of smartphone repair tools alongside a disassembled smartphone, making it highly relevant to the 'tools' and 'smartphone' aspects of the query and prompt. The clarity and lighting are excellent, and there are no watermarks. However, it significantly misses the 'technician hands working' element specified in both the search query and prompt.",
      "file_name": "professional-smartphone-repair-tools-disassembly.jpg",
      "caption": "A clean, professional flat lay of a comprehensive set of smartphone repair tools, including precision screwdrivers, various tweezers, spudgers, pry tools, and a brush, laid out next to a partially disassembled silver smartphone with its internal components visible on a bright, light-colored surface. The arrangement suggests preparation for or ongoing mobile device repair.",
      "recommend": true,
      "error": ""
    }
  },
  {
    "query": "Modern clean image of student using online learning platform on computer for dashboard background",
    "image_info": {
      "url": "https://softengi.com/wp-content/uploads/Softengi_Learn_up_V1.png",
      "file_path": "/workspace/imgs/modern_online_learning_student_dashboard_ui.gif",
      "img_format": "PNG",
      "mode": "P",
      "file_size": 138674,
      "width": 1600,
      "height": 1029,
      "total_pixels": 1646400,
      "basic_score": 0.8337394811114379
    },
    "llm_score": {
      "success": true,
      "relevance_score": 95.0,
      "clarity_score": 80.0,
      "watermark_score": 100.0,
      "overall_score": 90.0,
      "explanation": "The image is highly relevant, perfectly depicting a modern and clean online learning platform student dashboard on a computer. It is free of watermarks and well-composed, with an appealing design. The clarity is good overall, though some text and icons exhibit minor blurriness due to the GIF format.",
      "file_name": "modern_online_learning_student_dashboard_ui.gif",
      "caption": "A modern and clean user interface (UI) of an online learning platform's student dashboard, displayed on a computer screen. The dashboard features a bright blue sidebar with navigation options including 'Dashboard', 'Courses', 'Teachers', 'Library', and 'Setting', alongside a profile section for 'Alex Linger'. The main content area showcases 'My Courses' with interactive cards for subjects such as 'Mathematics', 'Biology', 'Storytelling', 'Web Development', and 'Design'. A colorful circular progress indicator is visible in the bottom right corner, all set against a vibrant blue and teal gradient background.",
      "recommend": true,
      "error": ""
    }
  },
  {
    "query": "Modern clean image of student using online learning platform on computer for dashboard background",
    "image_info": {
      "url": "https://yi-files.yellowimages.com/products/1345000/1345700/2209324-full.jpg",
      "file_path": "/workspace/imgs/modern_online_learning_dashboard_ui.jpg",
      "img_format": "JPEG",
      "mode": "RGB",
      "file_size": 134095,
      "width": 1170,
      "height": 800,
      "total_pixels": 936000,
      "basic_score": 0.934831000248947
    },
    "llm_score": {
      "success": true,
      "relevance_score": 95.0,
      "clarity_score": 100.0,
      "watermark_score": 100.0,
      "overall_score": 95.0,
      "explanation": "The image is an excellent match for the search query and prompt. It displays a modern, clean user interface of an online learning platform's dashboard and messaging features, presented as if on a computer screen. The image quality is exceptional with high clarity and no watermarks, making it ideal for a dashboard background.",
      "file_name": "modern_online_learning_dashboard_ui.jpg",
      "caption": "A clean and modern user interface design for an online learning platform called 'MaxSkills.', showcasing multiple overlapping screens. The main dashboard features course statistics, selling activity graphs, a pie chart for popular classes (design, programming), and user reviews. An overlayed screen shows a detailed messaging interface with contact lists, chat conversations, and profile details. The design uses a minimalist aesthetic with a white background and accents of teal, orange, and red, suitable for a digital product display or background.",
      "recommend": true,
      "error": ""
    }
  },
  {
    "query": "Modern clean image of student using online learning platform on computer for dashboard background",
    "image_info": {
      "url": "https://multipurposethemes.com/wp-content/uploads/2024/11/Education-LMS-Dashboard-Admin-Template.jpg",
      "file_path": "/workspace/imgs/modern_online_learning_platform_dashboard_ui.jpg",
      "img_format": "JPEG",
      "mode": "RGB",
      "file_size": 204322,
      "width": 1600,
      "height": 1200,
      "total_pixels": 1920000,
      "basic_score": 0.7694804313308693
    },
    "llm_score": {
      "success": true,
      "relevance_score": 75.0,
      "clarity_score": 100.0,
      "watermark_score": 100.0,
      "overall_score": 88.0,
      "explanation": "The image is a very clear, modern, and clean representation of an online learning platform dashboard, which aligns well with the core subject of the search query and prompt. The UI design is excellent and free of watermarks. However, the image does not show a 'student using' the platform on a 'computer,' which was specified in the prompt. Despite this, its high quality and direct relevance to the dashboard aspect make it a strong candidate for a background or illustrative purpose.",
      "file_name": "modern_online_learning_platform_dashboard_ui.jpg",
      "caption": "A detailed and modern user interface (UI) of an online learning platform dashboard named 'EduLearn'. The dashboard features sections for popular courses (UI/UX Design, Marketing, Web Dev., Mathematics), current activity with a monthly progress graph, and a list of best instructors. It also displays statistics for students (75,000+), expert mentors (200+), completed courses (450K+), and video courses (200K+). The clean design includes a left-hand navigation menu with options like Dashboard, Mailbox, Calendar, and various components, set against a light background with colorful accents.",
      "recommend": true,
      "error": ""
    }
  },
  {
    "query": "Modern clean image of student using online learning platform on computer for dashboard background",
    "image_info": {
      "url": "https://multipurposethemes.com/wp-content/uploads/2024/06/1.jpg",
      "file_path": "/workspace/imgs/modern_online_learning_student_dashboard_ui.jpg",
      "img_format": "JPEG",
      "mode": "RGB",
      "file_size": 278897,
      "width": 1440,
      "height": 1080,
      "total_pixels": 1555200,
      "basic_score": 0.8777534676810763
    },
    "llm_score": {
      "success": true,
      "relevance_score": 95.0,
      "clarity_score": 100.0,
      "watermark_score": 100.0,
      "overall_score": 95.0,
      "explanation": "The image perfectly matches the search query and prompt by showcasing a modern, clean, and highly functional online learning platform student dashboard. Its clarity is excellent, with sharp details and no watermarks. The overall composition and UI/UX design are professional and aesthetically pleasing, making it an ideal representation of the desired concept.",
      "file_name": "modern_online_learning_student_dashboard_ui.jpg",
      "caption": "A clean and modern user interface (UI) design for an online learning platform student dashboard, named 'EduAdmin'. The dashboard prominently displays sections for student progress, a detailed calendar for November 2022, working hours, and lesson schedules for 'Programming' and 'Core Language'. Engaging illustrations depict user activity and provide a welcoming message, 'Welcome back, John! Your students completed 80% of the tasks.' The full interface, including a comprehensive sidebar navigation, is presented as if on a computer screen.",
      "recommend": true,
      "error": ""
    }
  },
  {
    "query": "Professional educational institution logo with cross and books, suitable for MEPROC christian ministry",
    "image_info": {
      "url": "https://img.favpng.com/7/12/20/christian-ministry-christian-church-christianity-church-logo-gallery-png-favpng-LbwZ7CzXats5nwGAmqSNPcrqj.jpg",
      "file_path": "/workspace/imgs/Christian-Ministry-Education-Globe-Book-Logo.png",
      "img_format": "JPEG",
      "mode": "RGB",
      "file_size": 123278,
      "width": 820,
      "height": 883,
      "total_pixels": 724060,
      "basic_score": 0.903451136224887
    },
    "llm_score": {
      "success": true,
      "relevance_score": 75.0,
      "clarity_score": 98.0,
      "watermark_score": 100.0,
      "overall_score": 95.0,
      "explanation": "The image is a high-quality, professional logo highly relevant to 'christian ministry' and 'education' (implied by the book and globe). It is very clear, high resolution, and has no watermarks. However, the prompt specifically requested a 'cross,' which is not present in this logo, slightly reducing the relevance score despite its overall excellent quality and suitability for a general Christian ministry context.",
      "file_name": "Christian-Ministry-Education-Globe-Book-Logo.png",
      "caption": "A high-resolution, professional circular logo for the 'New Life International Missions Ministry.' The design features a golden globe positioned above an open book, symbolizing global outreach and education. The central elements are encased within a light blue gradient circle, which is surrounded by a vibrant, multi-colored segmented ring. The outer blue band displays the ministry's name in bold white text, with 'NEW LIFE' at the top and 'INTERNATIONAL MISSIONS MINISTRY' curving along the bottom. The logo has a transparent background, making it versatile for various uses.",
      "recommend": true,
      "error": ""
    }
  },
  {
    "query": "Professional educational institution logo with cross and books, suitable for MEPROC christian ministry",
    "image_info": {
      "url": "https://www.grantchapelamelakeworth.com/static/sitefiles/pages/Christian_Education_banner002.jpg",
      "file_path": "/workspace/imgs/african_methodist_episcopal_church_christian_education_department_logo.jpg",
      "img_format": "JPEG",
      "mode": "RGB",
      "file_size": 91007,
      "width": 1920,
      "height": 500,
      "total_pixels": 960000,
      "basic_score": 0.847604544388593
    },
    "llm_score": {
      "success": true,
      "relevance_score": 95.0,
      "clarity_score": 100.0,
      "watermark_score": 100.0,
      "overall_score": 95.0,
      "explanation": "The image is highly relevant as it is a professional logo for a Christian Education Department, featuring a cross, an open book, and an oil lamp. Its clarity is excellent, with no watermarks. The overall design is professional and well-composed, making it very suitable for Christian ministry and educational purposes. The 'MEPROC' in the prompt is interpreted as a general term for Methodist Episcopal or a related denomination, which fits the 'African Methodist Episcopal Church' branding.",
      "file_name": "african_methodist_episcopal_church_christian_education_department_logo.jpg",
      "caption": "A horizontal banner-style logo for the African Methodist Episcopal Church Christian Education Department, set against a dark maroon background. On the left, a circular emblem features a golden cross, a burning oil lamp, and an open book (likely a Bible), encircled by text that reads 'AFRICAN METHODIST EPISCOPAL CHURCH CHRISTIAN EDUCATION DEPARTMENT' in gold on a red band. To the right, the words 'CHRISTIAN EDUCATION DEPARTMENT' are prominently displayed in large red letters, with 'AFRICAN METHODIST EPISCOPAL CHURCH' written below in smaller gold letters.",
      "recommend": true,
      "error": ""
    }
  },
  {
    "query": "Professional educational institution logo with cross and books, suitable for MEPROC christian ministry",
    "image_info": {
      "url": "https://static.vecteezy.com/system/resources/previews/035/912/984/non_2x/church-ministry-modern-logo-design-for-christian-education-christian-organization-and-bible-learning-vector.jpg",
      "file_path": "/workspace/imgs/christian_ministry_shepherd_logo_red_professional.jpg",
      "img_format": "JPEG",
      "mode": "RGB",
      "file_size": 34361,
      "width": 1470,
      "height": 980,
      "total_pixels": 1440600,
      "basic_score": 0.8839602461836616
    },
    "llm_score": {
      "success": true,
      "relevance_score": 85.0,
      "clarity_score": 100.0,
      "watermark_score": 100.0,
      "overall_score": 95.0,
      "explanation": "The image is a high-resolution, professional logo design that is highly relevant to 'christian ministry'. It features a clear Christian symbol (shepherd's crook within an arch), making it suitable for a ministry. While the prompt specifically requested a 'cross and books' which are not present, the shepherd's crook is a strong alternative Christian symbol, and 'education' can be implied within a ministry context. The overall design quality, clarity, and lack of watermarks are excellent.",
      "file_name": "christian_ministry_shepherd_logo_red_professional.jpg",
      "caption": "A professional logo design featuring a stylized red outline of an arched window or church arch, within which a shepherd's crook is depicted, also in red. Radiating lines resembling sun rays or divine light emanate from the top of the crook within the arch. Below the symbol, the word 'MINISTRY' is written in bold, black uppercase letters, with 'TAGLINE HERE' in smaller, black uppercase letters beneath it. The logo is set against a clean white background.",
      "recommend": true,
      "error": ""
    }
  }
]